{
  "scenario": "NGFS_NetZero2050_NoCCUS",
  "model_parameters": {
    "discount_rate": 0.05,
    "utilization": 0.9,
    "hydrogen_case": "baseline",
    "grid_case": "base"
  },
  "solver": {
    "name": "highs",
    "status": "optimal"
  },
  "objective": {
    "npv_total_USD": 443547226099.3634,
    "npv_total_billion_USD": 443.5472260993634
  },
  "cost_breakdown_undiscounted_USD": {
    "capex_USD": 0,
    "fixed_om_USD": 0,
    "variable_opex_USD": 0,
    "ets_cost_USD": 43134797356.03525
  },
  "cost_breakdown_discounted_USD": {
    "capex_npv_USD": 0,
    "fixed_om_npv_USD": 0,
    "variable_opex_npv_USD": 0,
    "ets_cost_npv_USD": 25162953006.63507
  },
  "emissions_and_production": {
    "total_production_2025_Mt": 40.0,
    "total_production_2050_Mt": 35.28880971795205,
    "scope1_emissions_2025_MtCO2": 81.03000000000002,
    "scope1_emissions_2050_MtCO2": 28.970346306080433,
    "cumulative_emissions_MtCO2": 1323.883626944485,
    "cumulative_ets_cost_undiscounted_USD": 43134797356.03525,
    "cumulative_ets_cost_npv_USD": 25162953006.63507
  },
  "route_mix_2050": {
    "BF-BOF_share_2050": 0.28973700106376005,
    "BF-BOF+CCUS_share_2050": 0.0,
    "FINEX-BOF_share_2050": 0.0,
    "Scrap-EAF_share_2050": 0.3532093011576449,
    "NG-DRI-EAF_share_2050": 0.0,
    "H2-DRI-EAF_share_2050": 0.3570536977785951,
    "HyREX_share_2050": 0.0
  }
}